ticker,company_event,cik_event,filing_date_event,event_type_event,person_name_event,title_event,effective_date_event,company_earnings,cik_earnings,filing_date_earnings,period_earnings,revenue_reported_earnings,eps_diluted_earnings,net_income_earnings,days_to_nearest_earnings,event_timing
AAPL,Apple Inc.,320193,2025-12-05,appointment,Jennifer Newstead,general counsel,2026-03-01,Apple,320193,2025-10-30,fourth quarter fiscal 2025,$102.5 billion,$1.85,"$27,466 million",36,after earnings
AAPL,Apple Inc.,320193,2025-12-05,departure,Kate Adams,general counsel,NOT_FOUND,Apple,320193,2025-10-30,fourth quarter fiscal 2025,$102.5 billion,$1.85,"$27,466 million",36,after earnings
AAPL,Apple Inc.,320193,2026-01-02,appointment,Ben Borders,Principal Accounting Officer,2026-01-01,Apple,320193,2026-01-29,first quarter fiscal 2026,$143.8 billion,$2.84,"$42,097 million",27,before earnings
AAPL,Apple Inc.,320193,2026-01-02,departure,Chris Kondo,Principal Accounting Officer,2026-01-01,Apple,320193,2026-01-29,first quarter fiscal 2026,$143.8 billion,$2.84,"$42,097 million",27,before earnings
AAPL,Apple Inc.,320193,2026-04-20,both,Tim Cook,Chief Executive Officer -> Executive Chair of Apple's Board of Directors,2026-09-01,Apple,320193,2026-04-30,second quarter fiscal 2026,$111.2 billion,$2.01,"$29,578 million",10,before earnings
AAPL,Apple Inc.,320193,2026-04-20,appointment,John Ternus,Chief Executive Officer and a member of the Board,2026-09-01,Apple,320193,2026-04-30,second quarter fiscal 2026,$111.2 billion,$2.01,"$29,578 million",10,before earnings
AAPL,Apple Inc.,320193,2026-04-20,appointment,Art Levinson,Lead Independent Director,2026-09-01,Apple,320193,2026-04-30,second quarter fiscal 2026,$111.2 billion,$2.01,"$29,578 million",10,before earnings
JPM,JPMorgan Chase & Co.,19617,2025-12-08,departure,Todd A. Combs,member of the Board of Directors,2025-12-07,JPMorgan Chase,19617,2026-01-13,fourth quarter 2025,$45.8 billion,$4.63,$13.0 billion,36,before earnings
JPM,JPMorgan Chase & Co.,19617,2026-06-25,both,Doug Petno,Co-CEOs of the Commercial & Investment Bank,2026-06-25,JPMorgan Chase,19617,2026-07-14,second quarter 2026,$57.3 billion,$7.70,$21.2 billion,19,before earnings
JPM,JPMorgan Chase & Co.,19617,2026-06-25,both,Troy Rohrbaugh,Co-CEOs of the Commercial & Investment Bank,2026-06-25,JPMorgan Chase,19617,2026-07-14,second quarter 2026,$57.3 billion,$7.70,$21.2 billion,19,before earnings
JPM,JPMorgan Chase & Co.,19617,2026-06-25,departure,Marianne Lake,CEO of CCB,NOT_FOUND,JPMorgan Chase,19617,2026-07-14,second quarter 2026,$57.3 billion,$7.70,$21.2 billion,19,before earnings
MSFT,Microsoft Corporation,789019,2025-09-30,departure,Carlos A. Rodriguez,member of the Board of Directors,2025-09-24,Microsoft,789019,2025-10-29,first quarter fiscal 2026,$77.7 billion,$3.72,$27.7 billion,29,before earnings
MSFT,Microsoft Corporation,789019,2026-05-14,appointment,Carmine Di Sibio,director,2026-05-13,Microsoft,789019,2026-04-29,third quarter fiscal 2026,$82.9 billion,$4.27,$31.8 billion,15,after earnings
MSFT,Microsoft Corporation,789019,2026-06-05,departure,Reid Hoffman,member of the Board of Directors,2026-06-02,Microsoft,789019,2026-04-29,third quarter fiscal 2026,$82.9 billion,$4.27,$31.8 billion,37,after earnings
NVDA,NVIDIA Corporation,1045810,2026-01-23,departure,Persis Drell,director,2026-01-20,NVIDIA,1045810,2026-02-25,fourth quarter fiscal 2026,$68.1 billion,$1.76,"$42,960 million",33,before earnings
NVDA,NVIDIA Corporation,1045810,2026-04-27,departure,Donald Robertson,VP and CAO,2026-05-04,NVIDIA,1045810,2026-05-20,first quarter fiscal 2027,$81.6 billion,$2.39,"$58,321 million",23,before earnings
NVDA,NVIDIA Corporation,1045810,2026-04-27,appointment,Scott Gawel,VP and CAO,2026-05-04,NVIDIA,1045810,2026-05-20,first quarter fiscal 2027,$81.6 billion,$2.39,"$58,321 million",23,before earnings
NVDA,NVIDIA Corporation,1045810,2026-05-08,appointment,Suzanne Nora Johnson,member of the Board,2026-07-13,NVIDIA,1045810,2026-05-20,first quarter fiscal 2027,$81.6 billion,$2.39,"$58,321 million",12,before earnings
NVDA,NVIDIA Corporation,1045810,2026-07-02,departure,Ajay K. Puri,"Executive Vice President, Worldwide Field Operations",NOT_FOUND,NVIDIA,1045810,2026-05-20,first quarter fiscal 2027,$81.6 billion,$2.39,"$58,321 million",43,after earnings
NVDA,NVIDIA Corporation,1045810,2026-07-02,appointment,Nicholas Parker,"Executive Vice President, Worldwide Field Operations",2026-08-24,NVIDIA,1045810,2026-05-20,first quarter fiscal 2027,$81.6 billion,$2.39,"$58,321 million",43,after earnings
WMT,Walmart Inc.,104169,2025-10-22,both,Dwayne Milum,Senior Vice President and Controller,2026-02-01,Walmart,104169,2025-11-20,third quarter fiscal 2026,$179.5 billion,$0.77,"$6,143 million",29,before earnings
WMT,Walmart Inc.,104169,2025-10-22,appointment,David Chojnowski,"Senior Vice President, Treasurer and Tax",2026-01-31,Walmart,104169,2025-11-20,third quarter fiscal 2026,$179.5 billion,$0.77,"$6,143 million",29,before earnings
WMT,Walmart Inc.,104169,2025-11-14,departure,C. Douglas McMillon,president and chief executive officer,2026-01-31,Walmart,104169,2025-11-20,third quarter fiscal 2026,$179.5 billion,$0.77,"$6,143 million",6,same week
WMT,Walmart Inc.,104169,2025-11-14,appointment,John R. Furner,president and chief executive officer,2026-02-01,Walmart,104169,2025-11-20,third quarter fiscal 2026,$179.5 billion,$0.77,"$6,143 million",6,same week
WMT,Walmart Inc.,104169,2026-01-08,appointment,Shishir Mehrotra,member of the Board,2026-01-08,Walmart,104169,2026-02-19,fourth quarter fiscal 2026,$190.7 billion,$0.53,"$4,237 million",42,before earnings
WMT,Walmart Inc.,104169,2026-01-16,both,David Guggina,"Executive Vice President, President and Chief Executive Officer, Walmart U.S.",2026-02-01,Walmart,104169,2026-02-19,fourth quarter fiscal 2026,$190.7 billion,$0.53,"$4,237 million",34,before earnings
WMT,Walmart Inc.,104169,2026-01-16,departure,John Furner,President and Chief Executive Officer,2025-11-14,Walmart,104169,2026-02-19,fourth quarter fiscal 2026,$190.7 billion,$0.53,"$4,237 million",34,before earnings
WMT,Walmart Inc.,104169,2026-01-16,departure,Kathryn McLay,"Executive Vice President, President and Chief Executive Officer, Walmart International",2026-01-15,Walmart,104169,2026-02-19,fourth quarter fiscal 2026,$190.7 billion,$0.53,"$4,237 million",34,before earnings
WMT,Walmart Inc.,104169,2026-01-16,appointment,Christopher Nicholas,"Executive Vice President, President and Chief Executive Officer, Walmart International",2026-02-01,Walmart,104169,2026-02-19,fourth quarter fiscal 2026,$190.7 billion,$0.53,"$4,237 million",34,before earnings
WMT,Walmart Inc.,104169,2026-01-16,appointment,Latriece Watkins,"Executive Vice President, President and Chief Executive Officer, Sam's Club U.S.",2026-02-01,Walmart,104169,2026-02-19,fourth quarter fiscal 2026,$190.7 billion,$0.53,"$4,237 million",34,before earnings
