company,ticker,cik,filing_date,event_type,person_name,title,effective_date
Apple Inc.,AAPL,0000320193,2026-04-20,both,Tim Cook,Chief Executive Officer -> Executive Chair of Apple's Board of Directors,2026-09-01
Apple Inc.,AAPL,0000320193,2026-04-20,appointment,John Ternus,Chief Executive Officer and a member of the Board,2026-09-01
Apple Inc.,AAPL,0000320193,2026-04-20,appointment,Art Levinson,Lead Independent Director,2026-09-01
Apple Inc.,AAPL,0000320193,2026-01-02,appointment,Ben Borders,Principal Accounting Officer,2026-01-01
Apple Inc.,AAPL,0000320193,2026-01-02,departure,Chris Kondo,Principal Accounting Officer,2026-01-01
Apple Inc.,AAPL,0000320193,2025-12-05,appointment,Jennifer Newstead,general counsel,2026-03-01
Apple Inc.,AAPL,0000320193,2025-12-05,departure,Kate Adams,general counsel,NOT_FOUND
Microsoft Corporation,MSFT,0000789019,2026-06-05,departure,Reid Hoffman,member of the Board of Directors,2026-06-02
Microsoft Corporation,MSFT,0000789019,2026-05-14,appointment,Carmine Di Sibio,director,2026-05-13
Microsoft Corporation,MSFT,0000789019,2025-09-30,departure,Carlos A. Rodriguez,member of the Board of Directors,2025-09-24
NVIDIA Corporation,NVDA,0001045810,2026-07-02,departure,Ajay K. Puri,"Executive Vice President, Worldwide Field Operations",NOT_FOUND
NVIDIA Corporation,NVDA,0001045810,2026-07-02,appointment,Nicholas Parker,"Executive Vice President, Worldwide Field Operations",2026-08-24
NVIDIA Corporation,NVDA,0001045810,2026-05-08,appointment,Suzanne Nora Johnson,member of the Board,2026-07-13
NVIDIA Corporation,NVDA,0001045810,2026-04-27,departure,Donald Robertson,VP and CAO,2026-05-04
NVIDIA Corporation,NVDA,0001045810,2026-04-27,appointment,Scott Gawel,VP and CAO,2026-05-04
NVIDIA Corporation,NVDA,0001045810,2026-01-23,departure,Persis Drell,director,2026-01-20
JPMorgan Chase & Co.,JPM,0000019617,2026-06-25,both,Doug Petno,Co-CEOs of the Commercial & Investment Bank,2026-06-25
JPMorgan Chase & Co.,JPM,0000019617,2026-06-25,both,Troy Rohrbaugh,Co-CEOs of the Commercial & Investment Bank,2026-06-25
JPMorgan Chase & Co.,JPM,0000019617,2026-06-25,departure,Marianne Lake,CEO of CCB,NOT_FOUND
JPMorgan Chase & Co.,JPM,0000019617,2025-12-08,departure,Todd A. Combs,member of the Board of Directors,2025-12-07
Walmart Inc.,WMT,0000104169,2026-01-16,both,David Guggina,"Executive Vice President, President and Chief Executive Officer, Walmart U.S.",2026-02-01
Walmart Inc.,WMT,0000104169,2026-01-16,departure,John Furner,President and Chief Executive Officer,2025-11-14
Walmart Inc.,WMT,0000104169,2026-01-16,departure,Kathryn McLay,"Executive Vice President, President and Chief Executive Officer, Walmart International",2026-01-15
Walmart Inc.,WMT,0000104169,2026-01-16,appointment,Christopher Nicholas,"Executive Vice President, President and Chief Executive Officer, Walmart International",2026-02-01
Walmart Inc.,WMT,0000104169,2026-01-16,appointment,Latriece Watkins,"Executive Vice President, President and Chief Executive Officer, Sam's Club U.S.",2026-02-01
Walmart Inc.,WMT,0000104169,2026-01-08,appointment,Shishir Mehrotra,member of the Board,2026-01-08
Walmart Inc.,WMT,0000104169,2025-11-14,departure,C. Douglas McMillon,president and chief executive officer,2026-01-31
Walmart Inc.,WMT,0000104169,2025-11-14,appointment,John R. Furner,president and chief executive officer,2026-02-01
Walmart Inc.,WMT,0000104169,2025-10-22,both,Dwayne Milum,Senior Vice President and Controller,2026-02-01
Walmart Inc.,WMT,0000104169,2025-10-22,appointment,David Chojnowski,"Senior Vice President, Treasurer and Tax",2026-01-31
